{
  "process_key": "rough_heston",
  "spot": 1.0,
  "timestamp": "20250831_181213",
  "weights": {
    "short": "rough_heston_short_weights_20250831_181213.pt",
    "mid": "rough_heston_mid_weights_20250831_181213.pt",
    "long": "rough_heston_long_weights_20250831_181213.pt"
  },
  "thresholds": {
    "short_term_threshold": 0.25,
    "mid_term_threshold": 1.0
  },
  "grids": {
    "short": {
      "T": [
        0.019178081303834915,
        0.03835616260766983,
        0.057534247636795044,
        0.08219178020954132
      ],
      "k": [
        -0.15000000596046448,
        -0.12000000476837158,
        -0.09000000357627869,
        -0.06000000238418579,
        -0.030000001192092896,
        0.0,
        0.030000001192092896,
        0.06000000238418579,
        0.09000000357627869,
        0.12000000476837158,
        0.15000000596046448
      ]
    },
    "mid": {
      "T": [
        0.16438356041908264,
        0.24657534062862396,
        0.3287671208381653,
        0.4931506812572479,
        0.7397260069847107
      ],
      "k": [
        -0.30000001192092896,
        -0.24000000953674316,
        -0.18000000715255737,
        -0.12000000476837158,
        -0.06000000238418579,
        0.0,
        0.06000000238418579,
        0.12000000476837158,
        0.18000000715255737,
        0.24000000953674316,
        0.30000001192092896
      ]
    },
    "long": {
      "T": [
        1.0,
        2.0,
        3.0,
        5.0
      ],
      "k": [
        -0.5,
        -0.4000000059604645,
        -0.30000001192092896,
        -0.19999998807907104,
        -0.09999999403953552,
        -7.450580596923828e-09,
        0.09999999403953552,
        0.19999998807907104,
        0.30000001192092896,
        0.4000000059604645,
        0.5
      ]
    }
  },
  "norm_stats_filename": "rough_heston_norm_stats_20250831_181213.pt",
  "hidden": {
    "short": [
      128,
      64
    ],
    "mid": [
      128,
      64
    ],
    "long": [
      128,
      64
    ]
  },
  "regime_dt_config": {
    "short": 3e-05,
    "mid": 0.0006849315068493151,
    "long": 0.0027397260273972603
  }
}